movieId;title;cast;director;writer;maturity;keywords;popularity;tagline;poster;media;language;description;genres;company;releaseDate;runtime;trailer
1;Avatar;Sam Worthington, Zoe Saldana, Sigourney Weaver, Stephen Lang, Michelle Rodriguez;James Cameron;James Cameron;PG-13;culture clash, future, space war, space colony, society;150.437577;Enter the World of Pandora.;https://m.media-amazon.com/images/M/MV5BZDA0OGQxNTItMDZkMC00N2UyLTg3MzMtYTJmNjg3Nzk5MzRiXkEyXkFqcGdeQXVyMjUzOTY1NTc@._V1_.jpg;https://m.media-amazon.com/images/M/MV5BMmYzMGZkM2YtOGJlOC00MWEzLTliMDItODNlYjUzOGU1ZWE1XkEyXkFqcGdeQXVyODk1NjAxNTA@._V1_.jpg;en;In the 22nd century, a paraplegic Marine is dispatched to the moon Pandora on a unique mission, but becomes torn between following orders and protecting an alien civilization.;ACTION, ADVENTURE, FANTASY, SCIENCE_FICTION;Ingenious Film Partners, Twentieth Century Fox Film Corporation, Dune Entertainment, Lightstorm Entertainment;12-10-2009;2h 42m;https://imdb-video.media-imdb.com/vi531039513/1434659607842-pgv4ql-1440787227613.mp4?Expires=1704388869&Signature=WqZC5eGnGwU9LjdAha7qK~6IbFFP4g~StmfN1EzTTXk7k4OmSwhUnmaYfnkWcFCXSxXfA7xrOhZsyyEObIhzu-x5oiYd8GSzIp9W7DjNP6AudkDqiXAk3PJr~HfFQRbtmN8sKzHXKyFx9I-3I4l2MtFsMoeAEWcYEKIo9AD72UV~h43dpCGOsma8b-MOUXl8zB78198YvMnuIMIziqL3PhEtZuveW01osailhNqV9aRFXWuplH1hIV67cl5o2gA2urSNhuLDrp6FmGdqteoQKRya4qgCDj7REuY54HSzGw9sBypT6erlNK4F3vypN9DSOgOQJJA6JoiZ5pVG1GEaOw__&Key-Pair-Id=APKAIFLZBVQZ24NQH3KA
2;Pirates of the Caribbean: At World's End;Johnny Depp, Orlando Bloom, Keira Knightley, Stellan Skarsgård, Chow Yun-fat;Gore Verbinski;Ted Elliott, Terry Rossio;PG-13;ocean, drug abuse, exotic island, East India Trading Company, love of one's life;139.082615;At the end of the world, the adventure begins.;https://m.media-amazon.com/images/M/MV5BMjIyNjkxNzEyMl5BMl5BanBnXkFtZTYwMjc3MDE3._V1_.jpg;https://prod-ripcut-delivery.disney-plus.net/v1/variant/disney/04F52E8CCB372B103B24DCC274BDF0FF6BA65804524ADC476B17D9FAF09A05E5/scale?width=1200&aspectRatio=1.78&format=jpeg;en;Captain Barbossa, long believed to be dead, has come back to life and is headed to the edge of the Earth with Will Turner and Elizabeth Swann. But nothing is quite as it seems.;ADVENTURE, FANTASY, ACTION;Walt Disney Pictures, Jerry Bruckheimer Films, Second Mate Productions;5-19-2007;2h 49m;https://imdb-video.media-imdb.com/vi3572106265/1434659607842-pgv4ql-1563507200166.mp4?Expires=1704389677&Signature=PpFu~MvMV9jXZHW~VnJOuGOFyhAnGCl9S3L6daCc27OCetDiggRXy1KY~TONJUv57F5jIncNb-5tudzDLKiyM0kygV~ajV9bSuPyLzyHOMuXE3nxaFDsvSuKMRF8~dg6v7JHuaVS9srjT7896bGnixQH-xeEAiPxwf~tomWehE-NenPJS4LodL4gIFxDrWctGIvp6IdhzTnaAcHtXuGd6q8mZx-zF6d5hJyxTVAHFPLPQ~EoHxSwGeYkszNp33uhZZw4I2f6xeiAmNW1ukJEAl~qqwVBd1aPQ~YREJufr4skTFK~7QuArkggw3invV71pjWTwk~Tq3Xh96ghFBUGfw__&Key-Pair-Id=APKAIFLZBVQZ24NQH3KA
3;Spectre;Daniel Craig, Christoph Waltz, Lea Seydoux, Ralph Fiennes, Monica Bellucci;Sam Mendes;John Logan, Neal Purvis, Robert Wade, Jez Butterworth;PG-13;spy, based on novel, secret agent, sequel, MI6;107.376788;A Plan No One Escapes;https://m.media-amazon.com/images/M/MV5BYTQzN2VhZjEtZTBkYi00NGM5LWE0NjMtZGE3ZWI2MjdkM2I4L2ltYWdlXkEyXkFqcGdeQXVyNjU0OTQ0OTY@._V1_.jpg;https://m.media-amazon.com/images/M/MV5BZDkyNmQ2MzItZjg3Yy00MGFmLTkyYjEtZWI3YmM3ZjY0ODE3XkEyXkFqcGdeQXVyNTI4MDA1MzI@._V1_.jpg;en;A cryptic message from Bond’s past sends him on a trail to uncover a sinister organization. While M battles political forces to keep the secret service alive, Bond peels back the layers of deceit to reveal the terrible truth behind SPECTRE.;ACTION, ADVENTURE, CRIME;Columbia Pictures, Danjaq, B24;10-26-2015;2h 28m;https://imdb-video.media-imdb.com/vi3362042649/1434659607842-pgv4ql-1443805159089.mp4?Expires=1704389887&Signature=U-nDIi9OSej5pCXQYD-iQA5lbBeMbsmAZD2HVfgLTtpDSCzB2egyFO1wqRelfQ-T~LaZhKzIJq1LN2cJxoCCCab~k8X5VhA~HuRz3QJHWMDRt758~65wfPO9ZsjWZg6MY2QwfXpboHMIy5lm-X4CupHMpD0y4Lr~4TM4SYyMY4P9wnWG~rcDhHYDTEwVRnXxDxWP-I5vUvY30m0Bep-2NuYuHuo-caMtw0lsanFCHRPCyLUwAtK~fWyMrYbKbOhHHbEULHfaftdH2JZf4Nxae1kRzWGFEX6meNnCwwEZlZ7sVrRqyjKmBKTQhtAdT6cDOn2-lCOLBmGJIEC4M~WDWA__&Key-Pair-Id=APKAIFLZBVQZ24NQH3KA
4;The Dark Knight Rises;Christian Bale, Michael Caine, Gary Oldman, Anne Hathaway, Tom Hardy;Christopher Nolan;Christopher Nolan, Jonathan Nolan;PG-13;DC Comics, crime fighter, terrorist, secret identity, burglar;112.31295;The Legend Ends;https://m.media-amazon.com/images/M/MV5BMTk4ODQzNDY3Ml5BMl5BanBnXkFtZTcwODA0NTM4Nw@@._V1_.jpg;https://m.media-amazon.com/images/M/MV5BNjg2NjgwMjQtYTg2MS00NjllLWJmYTQtOTgxNzM1MTM2YTNkXkEyXkFqcGdeQXVyNTIzOTk5ODM@._V1_.jpg;en;Following the death of District Attorney Harvey Dent, Batman assumes responsibility for Dent's crimes to protect the late attorney's reputation and is subsequently hunted by the Gotham City Police Department. Eight years later, Batman encounters the mysterious Selina Kyle and the villainous Bane, a new terrorist leader who overwhelms Gotham's finest. The Dark Knight resurfaces to protect a city that has branded him an enemy.;ACTION, CRIME, DRAMA, THRILLER;Legendary Pictures, Warner Bros., DC Entertainment, "Syncopy";7-16-2012;2h 45m;https://imdb-video.media-imdb.com/vi144884505/1434659607842-pgv4ql-1632113142638.mp4?Expires=1704389917&Signature=B97-i6U6dZtHU5j7jD5j5GH8G3GgqKMaFI6a~OXrXExl1PLNbeIUnTMmhfJ3BSVdsVUsIko8Q8TEkP6uu3A~yH5~kVpvufSVPlNCet~bj5V1i1nm8eXPVb6WaOyxmQur~jazTMAAs1YLxsGOiZKQwyacov-3qzr29afH8vj~bvJwPksyTk2Zi~tLmPCQkJUJi5zuMU1qJ1I0YEGBz50vVEUXxO2Gqyu-sVYgX2-OxR5rcvCAKXSfWhD467xikW695sd-h7AWbO8UNzX6FsD~oJUq5lO79h9UVV~yfa9t4Z7TlPjPDGhGJuaYdkAKPYiol0ia-Cw-w1IwHNHRg5zB3Q__&Key-Pair-Id=APKAIFLZBVQZ24NQH3KA
5;John Carter;Taylor Kitsch, Lynn Collins, Samantha Morton, Willem Dafoe, Thomas Haden Church;Andrew Stanton;Andrew Stanton, Mark Andrews, Michael Chabon;PG-13;based on novel, Mars, medallion, space travel, princess;43.926995;Lost in our world, found in another.;https://m.media-amazon.com/images/M/MV5BMDEwZmIzNjYtNjUwNS00MzgzLWJiOGYtZWMxZGQ5NDcxZjUwXkEyXkFqcGdeQXVyNTIzOTk5ODM@._V1_.jpg;http://4.bp.blogspot.com/-NQuWHwt0O8E/T0_-8890K3I/AAAAAAAAH9A/pNFv8AwxUyk/s1600/13707_John_Carter_Quad+_V2.jpg;en;John Carter is a war-weary, former military captain who's inexplicably transported to the mysterious and exotic planet of Barsoom (Mars) and reluctantly becomes embroiled in an epic conflict. It's a world on the brink of collapse, and Carter rediscovers his humanity when he realizes the survival of Barsoom and its people rests in his hands.;ACTION, ADVENTURE, SCIENCE_FICTION;Walt Disney Pictures;3-7-2012;2h 12m;https://imdb-video.media-imdb.com/vi2340397337/1434659607842-pgv4ql-1616202575636.mp4?Expires=1704390256&Signature=pGTvJXTmca2EQeZ1hwKibJoi0T1nEty-DZpRXm7D0-myfS9MSBNTWb-xM9B6Zn6eZalh6GKVsRYDCF8Jpm8aDSiaGo3jNlsKiSw1SH8yq~ZE62Lij5Ot0blwL~RgOvn-pL4f7HPDzMRyMmPWWjKt-7JBnrpHDIJSAD15BbZ9fkCawtGsdCTBI8Gs3VO1Ai2LAddWsMo4caGujdiAftWT3bRjJ4aMvlbHMLHVV1JEuvzlTvuH0xbu~wVJ7MPW6GtDnUvIVJPIPjR4LeltL1u7ZajUUIWGa5QyDIHCPQK4D6fsA5BlDS7UQWxQNz2YhMfJsprp5IkLSrrmelUVfgiV3Q__&Key-Pair-Id=APKAIFLZBVQZ24NQH3KA
6;Spider-Man 3;Tobey Maguire, Kirsten Dunst, James Franco, Thomas Haden Church, Topher Grace;Sam Raimi;Sam Raimi, Ivan Raimi, Alvin Sargent;PG-13;dual identity, amnesia, sandstorm, love of one's life, forgiveness;115.699814;The battle within.;https://m.media-amazon.com/images/M/MV5BYTk3MDljOWQtNGI2My00OTEzLTlhYjQtOTQ4ODM2MzUwY2IwXkEyXkFqcGdeQXVyNTIzOTk5ODM@._V1_.jpg;https://cdn.europosters.eu/image/1300/posters/spider-man-3-empire-i6678.jpg;en;The seemingly invincible Spider-Man goes up against an all-new crop of villain – including the shape-shifting Sandman. While Spider-Man’s superpowers are altered by an alien organism, his alter ego, Peter Parker, deals with nemesis Eddie Brock and also gets caught up in a love triangle.;FANTASY, ACTION, ADVENTURE;Columbia Pictures, Laura Ziskin Productions, Marvel Enterprises;5-1-2007;2h 19m;https://imdb-video.media-imdb.com/vi1939784217/1434659607842-pgv4ql-1651703381869.mp4?Expires=1704389655&Signature=rGUE8wM~rEibbGFOMQh5XBa12P7wTJG-4S8B2XtFEB8AYIsOCcWrhO~M6d1SO5-LmxsVfc~Pyc4nLuC2ZQpCT3PfRB-CzT~R~GG689PjeaUj62u6AMh~wNOUAnm5TZSJfXs0U-iHu3L-vPLEmmeWZpz3rL8pyhvvedHEf0RALpVJKquFFFP20oPckvI-7WH5OACexAWzPnEqjOeDPz90ymq6rtaBN7pycmjDQVz4pDo77eNEnncNG406pHII7x1qZXgNGcIcP~~f7KjQI41X20y3HvyryP5zAn5oiLy6gRD82c1Q87Mtflm2WqsQpIejirQA~JBdFRErtvjCIWNpOQ__&Key-Pair-Id=APKAIFLZBVQZ24NQH3KA
7;Tangled;Zachary Levi, Mandy Moore, Donna Murphy, Ron Perlman, M.C. Gainey;Byron Howard;Dan Fogelman;PG;hostage, magic, horse, fairy tale, musical;48.681969;They're taking adventure to new lengths.;https://m.media-amazon.com/images/M/MV5BMTAxNDYxMjg0MjNeQTJeQWpwZ15BbWU3MDcyNTk2OTM@._V1_.jpg;https://m.media-amazon.com/images/M/MV5BYjYwZTExNDktZjgwYi00ZjFiLThiNGQtYjRhM2YwMGMwNTNkXkEyXkFqcGdeQXVyNTU5MzI1OTM@._V1_.jpg;en;When the kingdom's most wanted-and most charming-bandit Flynn Rider hides out in a mysterious tower, he's taken hostage by Rapunzel, a beautiful and feisty tower-bound teen with 70 feet of magical, golden hair. Flynn's curious captor, who's looking for her ticket out of the tower where she's been locked away for years, strikes a deal with the handsome thief and the unlikely duo sets off on an action-packed escapade, complete with a super-cop horse, an over-protective chameleon and a gruff gang of pub thugs.;ANIMATION, FAMILY;Walt Disney Pictures, Walt Disney Animation Studios;11-24-2010;1h 40m;https://imdb-video.media-imdb.com/vi385091865/1434659607842-pgv4ql-1616202690129.mp4?Expires=1704390265&Signature=RU5hXzlabUu6VXJAmZZYurwCS3ub9YrZJplHWd-XplU9jI9n47UvMPhX3YKaEF6rv2nRkQYxz4CSnJKwxGbXSTjmt670MJlitqeOnVFdKmkNS4N4FKL59uJdo8~wvLeyiGO3BLarMY0ghFHJRczbhLS6XqCBwsGQt2RjI6ZXdyfuIpRJ6NV0i-vGaAYaNVXEdFBZvHvYADi1Nz8hyNaWZM~I1qloPxz4gfbd9L7u~3tefZLLL5HZ59jjqMzLq4NC~wboT~MmHwUkQggDT0iHWkXvIQl6NRhejmULxjiwxuc~M0B2bxMndadk3UrI69f70xw1XeGz19fDRc1rmMY0Lg__&Key-Pair-Id=APKAIFLZBVQZ24NQH3KA
8;Avengers: Age of Ultron;Robert Downey Jr., Chris Hemsworth, Mark Ruffalo, Chris Evans, Scarlett Johansson;Joss Whedon;Joss Whedon;PG-13;Marvel Comic, sequel, superhero, based on comic book, Vision;134.279229;A New Age Has Come.;https://m.media-amazon.com/images/M/MV5BMTM4OGJmNWMtOTM4Ni00NTE3LTg3MDItZmQxYjc4N2JhNmUxXkEyXkFqcGdeQXVyNTgzMDMzMTg@._V1_.jpg;https://m.media-amazon.com/images/M/MV5BZTI2MzlmOWMtZTJjNy00N2U2LWI1ZTctNmZmMTk1Y2RjMWVkXkEyXkFqcGdeQXVyNTU5MzI1OTM@._V1_.jpg;en;When Tony Stark tries to jumpstart a dormant peacekeeping program, things go awry and Earth’s Mightiest Heroes are put to the ultimate test as the fate of the planet hangs in the balance. As the villainous Ultron emerges, it is up to The Avengers to stop him from enacting his terrible plans, and soon uneasy alliances and unexpected action pave the way for an epic and unique global adventure.;ACTION, ADVENTURE, SCIENCE_FICTION;Marvel Studios, Prime Focus, Revolution Sun Studios;4-22-2015;2h 21m;https://imdb-video.media-imdb.com/vi2821566745/1434659607842-pgv4ql-1612218463733.mp4?Expires=1704390243&Signature=FmU15yzs-VcW3ifVwZWgClElKDbIQ1zRibFet-9F80mCPU04arzn37~tXPzUveAiVAFNuqiOiOpBQXrZKBF6fVkR1vgmS5akV6c3OWCbus~Kg8l-cV0pL3PgzBoYqfL55RfSeKjZjBuce-g0U-Y4wdnNUyWzIuwEexli1vfhueBFlDI-S2uZqkDifKktm2HmtQpnkYYcV~9LQB0dgyH-qqha8upk~WWX7r35j3YGtymJ9cfkNQ~KFuKd-Skoes3UebmuK5NMnyDzYmSYZSP~qxZ2jsIFA3QF9dRdU4nEu7Z1ZEcW~S6ZUdcQ9fa6AGyjUtQTUUZSuBSf0uSoz3l-8g__&Key-Pair-Id=APKAIFLZBVQZ24NQH3KA
9;Harry Potter and the Half-Blood Prince;Daniel Radcliffe, Rupert Grint, Emma Watson, Tom Felton, Michael Gambon;David Yates;Steve Kloves;PG;witch, magic, broom, School of Witchcraft, Wizardry;98.885637;Dark Secrets Revealed;https://m.media-amazon.com/images/M/MV5BMTg5OTA3MzYxMF5BMl5BanBnXkFtZTcwMDMyMjk0Mg@@._V1_.jpg;https://moviemadnessweb.files.wordpress.com/2016/08/1.jpg;en;As Harry begins his sixth year at Hogwarts, he discovers an old book marked as 'Property of the Half-Blood Prince', and begins to learn more about Lord Voldemort's dark past.;ADVENTURE, FANTASY, FAMILY;Warner Bros., Heyday Films;7-7-2009;2h 33m;https://imdb-video.media-imdb.com/vi1061421849/1434659607842-pgv4ql-1616202485079.mp4?Expires=1704390074&Signature=BfJGuMvuj36VWTY426i0D3JC-5x0It~-FYgNKYUfFwNlPHqo0YiBX-UeNCfrEs3y511PZugEjKiTJVZgrQ5rlGEtgKNbr8bSCpHN4LzL~kYtiQigmCJUJO53PT9q~eEk9-0d9NbVjaFqyrOQW575Mj~hUwf5vhHONvUQsdd-Q~UlCUJmixHzVPNsNKmd~jx~AqXhpDAAwtoz-r~wpTCNvE0DU3NZuue6hVY8-JHJp0BvQDe5Kpd25c0H5585opUcYnal60R6ukAjERblPPuYF2TVNOMKdopkE4xFILtlhtYGZ0AmgSHWndG1FLrgkUd7MBOVVRj~bI7G0eVTdEPwOg__&Key-Pair-Id=APKAIFLZBVQZ24NQH3KA
10;Batman v Superman: Dawn of Justice;Ben Affleck, Henry Cavill, Gal Gadot, Amy Adams, Jesse Eisenberg;Zack Snyder;Chris Terrio, David S. Goyer;PG-13;DC Comics, vigilante, superhero, based on comic book, revenge;155.790452;Justice or revenge;https://m.media-amazon.com/images/M/MV5BYThjYzcyYzItNTVjNy00NDk0LTgwMWQtYjMwNmNlNWJhMzMyXkEyXkFqcGdeQXVyMTQxNzMzNDI@._V1_.jpg;https://m.media-amazon.com/images/M/MV5BZTc5YWNhNzgtNmZmYi00ZDY0LWI4MGEtMjExY2Q4OWRkMzVjXkEyXkFqcGdeQXVyNDUwNzM4MzQ@._V1_.jpg;en;Fearing the actions of a god-like Super Hero left unchecked, Gotham City’s own formidable, forceful vigilante takes on Metropolis’s most revered, modern-day savior, while the world wrestles with what sort of hero it really needs. And with Batman and Superman at war with one another, a new threat quickly arises, putting mankind in greater danger than it’s ever known before.;ACTION, ADVENTURE, FANTASY;DC Comics, Atlas Entertainment, Warner Bros., DC Entertainment, Cruel & Unusual Films, RatPac-Dune Entertainment;3-23-2016;2h 31m;https://imdb-video.media-imdb.com/vi1946858521/1434659607842-pgv4ql-1464895181083.mp4?Expires=1704390358&Signature=FJvOCZqFXB7gkpiVajWbkLg0SdTnlGS7CITwIzrpfKnuteGkA3YmAApTR~88qobBGaa-KGnzU1nMFcekQdsYmP-puJPfU0yk-BeIUbTWcpu1SzanMCbEVR8q~bHEBHwDjetejICvq2ge4z0j9ZHcMEyQs8ehfsaPAypeE4Qf7vRPBIg-0W0Sqte4zD~HqZPBdHTbiW~KiO~mu6oHgHypp3jwISWmgMWyuDkuwDJnRzOqcEdffHCEe-bVF7nSL7k4mKOOnhv-wnI58iRjgPuR21BmbgaMOX~s63f-dbLvpicQs8mCWvhlbh-wWHfOjABXW9NMf7B7Srh7Hwq4AvliQA__&Key-Pair-Id=APKAIFLZBVQZ24NQH3KA
11;Superman Returns;Brandon Routh, Kevin Spacey, Kate Bosworth, James Marsden, Parker Posey;Bryan Singer;Michael Dougherty, Dan Harris, Bryan Singer;PG-13;saving the world, DC Comics, invulnerability, sequel, superhero;57.925623;He's back to save a world that has moved on without him.;https://m.media-amazon.com/images/M/MV5BNzY2ZDQ2MTctYzlhOC00MWJhLTgxMmItMDgzNDQwMDdhOWI2XkEyXkFqcGdeQXVyNjc1NTYyMjg@._V1_.jpg;https://m.media-amazon.com/images/M/MV5BYjdkM2Y2NjItMzJkMi00ZWZmLThiMTAtOTA5MTA3YmI5ZDcwXkEyXkFqcGdeQXVyMTUxMjU0NDUz._V1_.jpg;en;Superman returns to discover his 5-year absence has allowed Lex Luthor to walk free, and that those he was closest to felt abandoned and have moved on. Luthor plots his ultimate revenge that could see millions killed and change the face of the planet forever, as well as ridding himself of the Man of Steel.;ADVENTURE, FANTASY, ACTION, SCIENCE_FICTION;DC Comics, Legendary Pictures, Warner Bros., Bad Hat Harry Productions;6-28-2006;2h 34m;https://imdb-video.media-imdb.com/vi641508889/1434659607842-pgv4ql-1616202811195.mp4?Expires=1704390502&Signature=aGaDKeSwqt0YKgrMiOoa1Nlpu1mRyaBjhedCbpNgf2WOwVGx5kA40RQtK7H~7sfbkFznQbvDG7OU04GNypl3CPQUbUFB3smOz0S5ubSW0wSD6TUp8U84qszVY9y3MOGeH8XRRNDT1R7ThVzW7zwV8Reqygv4DdsOQ9BuRrfFv1URlF7-OW~X6QILS31geXTCKtYh3SIMA7Kef3daYRyZ6HAWXHPbpFuExg78vsfrrmmJa64EyTu-3LnqewqLgSwMxeBB~EiSdBzcjSQ7aEoadFb25lZAwkvVve0Y2z0QWJW~9~xj-pEGrguOmZW8dn1JPo-45hj25J5SwqLPhRA8QA__&Key-Pair-Id=APKAIFLZBVQZ24NQH3KA
12;Quantum of Solace;Daniel Craig, Olga Kurylenko, Mathieu Amalric, Judi Dench, Giancarlo Giannini;Marc Forster;Paul Haggis, Neal Purvis, Robert Wade;PG-13;killing, undercover, secret agent, British Secret Service;107.928811;For love, for hate, for justice, for revenge.;https://m.media-amazon.com/images/M/MV5BMzhjYzlmYjQtYmU0Yy00NjNkLWFmOTQtZjQxZWU4NjY1Y2M4XkEyXkFqcGdeQXVyMjUzOTY1NTc@._V1_.jpg;https://m.media-amazon.com/images/M/MV5BNTllOGY1NWItYmJiZC00NzkwLWEwZGItZjc2OTNhMzM3OTM5XkEyXkFqcGdeQXVyMjUzOTY1NTc@._V1_.jpg;en;Quantum of Solace continues the adventures of James Bond after Casino Royale. Betrayed by Vesper, the woman he loved, 007 fights the urge to make his latest mission personal. Pursuing his determination to uncover the truth, Bond and M interrogate Mr. White, who reveals that the organization that blackmailed Vesper is far more complex and dangerous than anyone had imagined.;ADVENTURE, ACTION, THRILLER, CRIME;Eon Productions;10-30-2008;1h 46m;https://imdb-video.media-imdb.com/vi1024524313/1434659607842-pgv4ql-1616203008546.mp4?Expires=1704391130&Signature=nhpMq08h3PsGEWGkTyKqLu9ljapOZvUreTZOm3B2cUmP6FNZFHhpzTOWHY4fgodiy-O42qKyBwHlP806Pg90yDTpznkrDLm8LyDwLEEV2WgMpeLF7sOdP82AsMltU8oTsXFxxuQya63q9BxwNqppt6biMfmTxBmbwy4l96Bw3JO1K2dOLtMxDqrjg58IQmobi120TFZ~xl30qMqhtkvztwHIAe37LOZxRgFqGLDUART5380WvBPnUnSGdw1qveA7CCyP4JL6x2SKa1b6gQPaSsTmTNj-E8eETS3~S33gFtv1XxlPXa1IAVk7gdJwWV6Il4yF9J~ec3XWavaVO7NfwQ__&Key-Pair-Id=APKAIFLZBVQZ24NQH3KA
13;Pirates of the Caribbean: Dead Man's Chest;Johnny Depp, Orlando Bloom, Keira Knightley, Stellan Skarsgård, Bill Nighy;Gore Verbinski;Ted Elliott, Terry Rossio;PG-13;witch, fortune teller, bondage, exotic island, monster;145.847379;Jack is back!;https://m.media-amazon.com/images/M/MV5BMTcwODc1MTMxM15BMl5BanBnXkFtZTYwMDg1NzY3._V1_.jpg;https://prod-ripcut-delivery.disney-plus.net/v1/variant/disney/69364AB5D3B57A54382F1B9B972EBA455D68B0E3A038C246E1F025B5007A1841/scale?width=1200&aspectRatio=1.78&format=jpeg;en;Captain Jack Sparrow works his way out of a blood debt with the ghostly Davey Jones, he also attempts to avoid eternal damnation.;ADVENTURE, FANTASY, ACTION;Walt Disney Pictures, Jerry Bruckheimer Films, Second Mate Productions;6-20-2006;2h 31m;https://imdb-video.media-imdb.com/vi3044017945/1434659607842-pgv4ql-1564129560117.mp4?Expires=1704390968&Signature=gNAZNRF~mDbeY5IsP8PYb6fOhH6G27~cMVd-YsmHYULdbE0z0IGgavvYJ1XKdhSHSOI7~nOz8j-BEFh2Ny2Wbc-KWe3c-Muh8n~DdKqWPvr4zdFrVcHgL2BAJbbcF24d6IIbnN7JGmub~xQ8H~o6SoTYxC7FCQ5crj66QMPeUJ6UassMQha1kjN6ygsEFXhOGbs9vE0PsQcjER8N0Rqw4bWiPd9pgPNkAJCXM8caTl662MwloEuBy~Laumo-UwkURd64uUC83mUX28O0E6tz0mMos6Ty8dGInOhx0TEsyIKAj60aQuForhlDdhg3oz9UhI8b9W6AuBitxs-5NvQUMg__&Key-Pair-Id=APKAIFLZBVQZ24NQH3KA
14;The Lone Ranger;Johnny Depp, Armie Hammer, William Fichtner, Helena Bonham Carter, James Badge Dale;Gore Verbinski;Justin Haythe, Ted Elliott, Terry Rossio;PG-13;Texas, horse, survivor, Texas Ranger, partner;49.046956;Never Take Off the Mask;https://m.media-amazon.com/images/M/MV5BZjFiMTc2MTAtZDA0My00OGRmLTk5M2ItNTlmYTUwZmU2YmRiXkEyXkFqcGdeQXVyNTIzOTk5ODM@._V1_.jpg;https://m.media-amazon.com/images/M/MV5BM2NjYTM1YzktZmM3ZS00MDFiLWExMTUtZjZiMTU1N2VhMjM4XkEyXkFqcGdeQXVyNTc3MjUzNTI@._V1_.jpg;en;The Texas Rangers chase down a gang of outlaws led by Butch Cavendish, but the gang ambushes the Rangers, seemingly killing them all. One survivor is found, however, by an American Indian named Tonto, who nurses him back to health. The Ranger, donning a mask and riding a white stallion named Silver, teams up with Tonto to bring the unscrupulous gang and others of that ilk to justice.;ACTION, ADVENTURE, WESTERN;Walt Disney Pictures, Jerry Bruckheimer Films, Infinitum Nihil, Silver Bullet Productions (II), Blind Wink Productions, Classic Media;7-3-2013;2h 29m;https://imdb-video.media-imdb.com/vi460432921/1434659607842-pgv4ql-1616203033952.mp4?Expires=1704391321&Signature=sse8cPE8ohT2lRGmyEwZSvBHrud2eKbz4EW8Z949WPgECegSNmvWsPAHddZGI9j1h0YjYPZ7rQfyuSM8~7sveOKmd2H5irsAAg2sui1HIIerBs513qZ1a0sStIBbjLRqO~DgJXzOHOfIhOuz49mn8eUeihOYwECHsJllw-~QoU-qXwWeXlq-009beRv12GBSv8GfRUHo56ZmLep1wM2pDmcqg1zIxlozpr1YoSGRsxdAnP8ORXRrNLWj-cYmJWzzKj41JcqSXbDQBZhrJ00wm0-5uHmV7~cftILOZs8X68ZaA8ldM0BeAife-RE9hpTDH~JzbdOvhLqyY3WESeWtig__&Key-Pair-Id=APKAIFLZBVQZ24NQH3KA
15;Man of Steel;Henry Cavill, Amy Adams, Michael Shannon, Kevin Costner, Diane Lane;Zack Snyder;David S. Goyer;PG-13;saving the world, DC Comics, superhero, based on comic book, superhuman;99.398009;You will believe that a man can fly.;https://m.media-amazon.com/images/M/MV5BMTk5ODk1NDkxMF5BMl5BanBnXkFtZTcwNTA5OTY0OQ@@._V1_.jpg;https://m.media-amazon.com/images/M/MV5BZDFkNTI2MDEtNDM2Ni00MTRmLTk3NjktZmQ2ODc5YzdiYjM4XkEyXkFqcGdeQXVyNTIzOTk5ODM@._V1_.jpg;en;A young boy learns that he has extraordinary powers and is not of this earth. As a young man, he journeys to discover where he came from and what he was sent here to do. But the hero in him must emerge if he is to save the world from annihilation and become the symbol of hope for all mankind.;ACTION, ADVENTURE, FANTASY, SCIENCE_FICTION;Legendary Pictures, Warner Bros., DC Entertainment, Syncopy, Cruel and Unusual Films;6-12-2013;2h 23m;https://imdb-video.media-imdb.com/vi705668633/1434659607842-pgv4ql-1616202414935.mp4?Expires=1704391300&Signature=AnZYiTuQGv3WJWDMMPNna9vtQpKmsK~u9e50w6p74MEfziwJQI~4Mpztn-usVggdpbMEYy47eeJ7cXLCizBBt7zYj79dKT9l052t6AFaFbd5INzm6BFvMS2W1set4BdBX3oX~bsdnkpWDqu16WP0j04Rf6rbVRzkaKafQ~ehel7qIPRgAP0Vh-lYPxL-I9fgsnvEF-7MjfPAgSHTuCnHq8DZYjv-ZE6w13n0ydq2bNUJq7RZRrfbx4-Pdiqqkznsb28kjhDNkCD0ujZCz65OFJjRiTEr5g~wBbH2cUZQXxIhMzFrLDTdRQrifPeBf~Nz4pCDL7Wvj9o83X7aOMb38w__&Key-Pair-Id=APKAIFLZBVQZ24NQH3KA
16;The Chronicles of Narnia: Prince Caspian;Ben Barnes, William Moseley, Anna Popplewell, Skandar Keynes, Georgie Henley;Andrew Adamson;Andrew Adamson, Christopher Markus, Stephen McFeely;PG;based on novel, fictional place, brother-sister relationship, lion, human being;53.978602;Hope has a new face.;https://m.media-amazon.com/images/M/MV5BMTc1NDRmZDctZjg5ZC00ZGVmLTg5Y2QtYjhjMzc2OGE1OGQzXkEyXkFqcGdeQXVyNzAwMjU2MTY@._V1_.jpg;https://m.media-amazon.com/images/M/MV5BM2IwMmRjNWEtNGVmOS00YjliLTlkNWYtYjQyZjU1NmYxZjQxXkEyXkFqcGdeQXVyNTU5MzI1OTM@._V1_.jpg;en;One year after their incredible adventures in the Lion, the Witch and the Wardrobe, Peter, Edmund, Lucy and Susan Pevensie return to Narnia to aid a young prince whose life has been threatened by the evil King Miraz. Now, with the help of a colorful cast of new characters, including Trufflehunter the badger and Nikabrik the dwarf, the Pevensie clan embarks on an incredible quest to ensure that Narnia is returned to its rightful heir.;ADVENTURE, FAMILY, FANTASY;Walt Disney, Walden Media, Stillking Films, Ozumi Films, Propeler, Silverbell Films, Revolution Sun Studios;5-15-2008;2h 30m;https://imdb-video.media-imdb.com/vi1793261849/1434659607842-pgv4ql-1616203023313.mp4?Expires=1704391062&Signature=edRc-Ac6rJ8UOjkPwHGJrODCNEAbNjXkHaCe4uEl0reVn2G7oEbLprxX97yqIbQCi~s42LGP9KejP24C3gDNVKiZa3N9dVwTXjacVO07hABHtPRF8QA3WGPlJrMamiOXL57t7lOMc1zrWy-sLojCySxWUbOzlmokzMmZUqCP0cO9WTbJbFgWP~Odn3o47BQWhwzYL1U96XpnF-XIGUX-BC8jW4iTsMenC93cT2incD~Y7ZSfZg~v9d8g9pfbKD~tQ6lAtz9eOBhdk1ix5AFrvCAlfSww0d8bStrcYap5IvoRtf~9K7Y7OgtGHD2pOuFG5K0sW9bptR5tbVIhq7jfPA__&Key-Pair-Id=APKAIFLZBVQZ24NQH3KA
17;The Avengers;Robert Downey Jr., Chris Evans, Mark Ruffalo, Chris Hemsworth, Scarlett Johansson;Joss Whedon;Joss Whedon;PG-13;New York, SHIELD, Marvel Comic, superhero, based on comic book;144.448633;Some assembly required.;https://m.media-amazon.com/images/M/MV5BNDYxNjQyMjAtNTdiOS00NGYwLWFmNTAtNThmYjU5ZGI2YTI1XkEyXkFqcGdeQXVyMTMxODk2OTU@._V1_.jpg;https://m.media-amazon.com/images/M/MV5BZWFhYzY4ZDgtYWUzNi00YTRmLTgyYmQtZTM1NDIyOTI4OTFiXkEyXkFqcGdeQXVyNTIzOTk5ODM@._V1_.jpg;en;When an unexpected enemy emerges and threatens global safety and security, Nick Fury, director of the international peacekeeping agency known as S.H.I.E.L.D., finds himself in need of a team to pull the world back from the brink of disaster. Spanning the globe, a daring recruitment effort begins!;SCIENCE_FICTION, ACTION, ADVENTURE;Paramount Pictures, Marvel Studios;4-25-2012;2h 23m;https://imdb-video.media-imdb.com/vi3488652825/MV5BMTMzMzYwMDIwMl5BMTFeQW1wNF5BbWU3MDc2NTIxOTY@.mp4?Expires=1704391718&Signature=s~mWd-iMeUJHtSSxtLCtqU8Ib4e7NUk~i9ZZnDinp2jjL02SYjelPydjqsdNyzXDmlknPJtilDk6vqHTKU7tbqer9TP1N7pahZi~DKvieLGSFmcEVUTIkpzTbg79Lqb2pVG1ExC9FUae1O2kn5cP1C0m3~SKpU982bBQq7qNwV3~IyLv7vY9yJczBE0z05oqv0y15h0ng~tialthait~a-rREnh0ZfTnSylTtmMCxzYngIAoHnkRMuc4oZy4AWXX3Uc8drF3lThrZIFZKyp01ZFPxyBpsF6wLKYwST12dM4nFDtAvf-dDN8pyihrFflkyKw1NVD5vGtKP88xCedtmQ__&Key-Pair-Id=APKAIFLZBVQZ24NQH3KA
18;Pirates of the Caribbean: On Stranger Tides;Johnny Depp, Penelope Cruz, Ian McShane, Kevin McNally, Geoffrey Rush;Rob Marshall;Ted Elliott, Terry Rossio;PG-13;sea captain, mutiny, sword, prime minister;135.413856;Live Forever Or Die Trying.;https://m.media-amazon.com/images/M/MV5BMjE5MjkwODI3Nl5BMl5BanBnXkFtZTcwNjcwMDk4NA@@._V1_.jpg;https://m.media-amazon.com/images/M/MV5BYWI1M2FlOTctZmMwOC00MDBkLWEzNDQtZGFiMjQyN2UxZmE3XkEyXkFqcGdeQXVyNTU5MzI1OTM@._V1_.jpg;en;Captain Jack Sparrow crosses paths with a woman from his past, and he's not sure if it's love -- or if she's a ruthless con artist who's using him to find the fabled Fountain of Youth. When she forces him aboard the Queen Anne's Revenge, the ship of the formidable pirate Blackbeard, Jack finds himself on an unexpected adventure in which he doesn't know who to fear more: Blackbeard or the woman from his past.;ADVENTURE, ACTION, FANTASY;Walt Disney Pictures, Jerry Bruckheimer Films, Moving Picture Company (MPC);5-14-2011;1h 46m;https://imdb-video.media-imdb.com/vi2332858905/MV5BNjQ3ZWU5OTItNmM4MS00NjRjLThkYzMtMWUzZTFjYTQxZDBlXkExMV5BbXA0XkFpbWRiLWV0cy10cmFuc2NvZGU@.mp4?Expires=1704391935&Signature=h9JK-4Ne9bvn5TRdo2ZMfVU-G4nb2oVt8EGeIqkcObj9eDl348riypRSOzWUoQitD41dyfWlR-pz~i5Vqt3y1YOdukgUVi3~Un-2HAJVt9xCZp0EhOfkV~1zYbmOriw5p~ApY8oJfQed6XqgsEiezVF4lIk3Lbm1Nr8rAjfFANiJlJDDo0~KN~l0uxkwDwc~fdLob9yr94sGawbWXTYB-3Cyee4DC3HhxwvNVjP2LLP2OBzXIZaN7EYcCK68QVXScvRColgyM8muDozb6fmGpBxZuTEzUtV-QjkaZNjIN9fdtsvhWZ9vTF1EdKzpddaJhniiPVqdzQPXnrkou3E1eA__&Key-Pair-Id=APKAIFLZBVQZ24NQH3KA
19;Men in Black 3;Will Smith, Tommy Lee Jones, Josh Brolin, Michael Stuhlbarg, Emma Thompson;Barry Sonnenfeld;Etan Cohen;PG-13;time travel, time machine, alien, fictional government agency, seeing the future;52.035179;They are back... in time.;https://m.media-amazon.com/images/M/MV5BMTU2NTYxODcwMF5BMl5BanBnXkFtZTcwNDk1NDY0Nw@@._V1_.jpg;https://m.media-amazon.com/images/M/MV5BMTE0NGU0OGQtOTkwYy00M2ZkLWJmNDctMGZjNmE1YTIwNjhjXkEyXkFqcGdeQXVyMzUwNDIxMjQ@._V1_.jpg;en;Agents J (Will Smith) and K (Tommy Lee Jones) are back...in time. J has seen some inexplicable things in his 15 years with the Men in Black, but nothing, not even aliens, perplexes him as much as his wry, reticent partner. But when K's life and the fate of the planet are put at stake, Agent J will have to travel back in time to put things right. J discovers that there are secrets to the universe that K never told him - secrets that will reveal themselves as he teams up with the young Agent K (Josh Brolin) to save his partner, the agency, and the future of humankind.;ACTION, COMEDY, SCIENCE_FICTION;Amblin Entertainment, Media Magik Entertainment, Imagenation Abu Dhabi FZ, Hemisphere Media Capital, Parkes/MacDonald Productions;5-23-2012;2h 24m;https://imdb-video.media-imdb.com/vi3916407065/1434659607842-pgv4ql-1616203133470.mp4?Expires=1704391979&Signature=PBbqZvm8LoUjxNJERde5EI8F-QobNTXOsz~jq6BadLXZwbyLQ3mbWCdFWJBjtDK6QiaS1M~PkP0jw-GnQ~kWF~-kKY2EjaizFd89FV3sqEPyxIcNMgbuNm9QiiJAlA9KLD1VHI~bXAAlpOCOtJWNG63MeF798icgxMv~yaBVZ5fwJEYXTgYe3LyPx1dxCJxzgaeOdoOgGuIBusnk75gVRkeGQ8rNTi9wJs4xiUrjfLfOMHs4-fSAXATMX85bdeGHzqy6~MP~672dRcAwN1GQFNTrxl-cSjgrx6ASSHgc8qDngq65jViswhDjqT1zGK91ZomqMTySIDUvl3Af8w4r8A__&Key-Pair-Id=APKAIFLZBVQZ24NQH3KA
20;The Hobbit: The Battle of the Five Armies;Martin Freeman, Ian McKellen, Richard Armitage, Ken Stott, Graham McTavish;Peter Jackson;Fran Walsh, Philippa Boyens, Peter Jackson, Guillermo del Toro;PG-13;corruption, elves, dwarves, orcs, Middle-earth (Tolkien);120.965743;Witness the defining chapter of the Middle-Earth saga;https://m.media-amazon.com/images/M/MV5BMTYzNDE3OTQ3MF5BMl5BanBnXkFtZTgwODczMTg4MjE@._V1_.jpg;https://m.media-amazon.com/images/W/MEDIAX_792452-T2/images/S/pv-target-images/7e2d60183a4d23c15047b08beeb5bd8a2a15366a3a09aef86bed8b41e9881065._UR1920,1080_.jpg;en;Immediately after the events of The Desolation of Smaug, Bilbo and the dwarves try to defend Erebor's mountain of treasure from others who claim it: the men of the ruined Laketown and the elves of Mirkwood. Meanwhile an army of Orcs led by Azog the Defiler is marching on Erebor, fueled by the rise of the dark lord Sauron. Dwarves, elves and men must unite, and the hope for Middle-Earth falls into Bilbo's hands.;ACTION, ADVENTURE, FANTASY;WingNut Films, New Line Cinema, Warner Bros. Pictures, 3Foot7, Metro-Goldwyn-Mayer (MGM);12-10-2014;2h 16m;https://imdb-video.media-imdb.com/vi1092005657/1434659607842-pgv4ql-1616202704964.mp4?Expires=1704391330&Signature=hHIIOF7D54Cec7Abak-QX3hYTOl-bWkYR2s7URKQbzKFmluwcNakKUV3Fym9rJ3uHtsj1X9AkRivV6EsyE~BVV0yS6wW6-GiJKYc0G7rRAuwB7h-PWLyidY1SQYO5JdESTiFYESaRmq8-qRfr1YVT487h-AMi8gAw8PIKPE2r-Mv1CdiopzGOTqW1jdPM7CGAVIX-Ttlboctp~3RcuQvlRJi3ELbK7liXiyUw2wQXZBaE6Ap2TTMwotkeXa3K5qqeFcOu~yjl5facD0IxoKjyvdKB6o0~Q0s8IooDKvrOF3mVzoeHcQ8LUubKkb9XzduSvWr3MFsLBORJqVJXnZbYg__&Key-Pair-Id=APKAIFLZBVQZ24NQH3KA
21;The Amazing Spider-Man;Andrew Garfield, Emma Stone, Rhys Ifans, Denis Leary, Campbell Scott;Marc Webb;James Vanderbilt, Alvin Sargent, Steve Kloves;PG-13;loss of father, vigilante, serum, Marvel Comic, scientific experiment;89.866276;The untold story begins.;https://m.media-amazon.com/images/M/MV5BMjMyOTM4MDMxNV5BMl5BanBnXkFtZTcwNjIyNzExOA@@._V1_.jpg;https://prod-ripcut-delivery.disney-plus.net/v1/variant/disney/9F7626F40F04BD3384BA580BD66527E8DE1C5B6406D9121E93D2C72710EFE18B/scale?width=1200&aspectRatio=1.78&format=jpeg;en;Peter Parker is an outcast high schooler abandoned by his parents as a boy, leaving him to be raised by his Uncle Ben and Aunt May. Like most teenagers, Peter is trying to figure out who he is and how he got to be the person he is today. As Peter discovers a mysterious briefcase that belonged to his father, he begins a quest to understand his parents' disappearance – leading him directly to Oscorp and the lab of Dr. Curt Connors, his father's former partner. As Spider-Man is set on a collision course with Connors' alter ego, The Lizard, Peter will make life-altering choices to use his powers and shape his destiny to become a hero.;ACTION, ADVENTURE, FANTASY;Columbia Pictures, Laura Ziskin Productions, Marvel Entertainment;6-27-2012;2h 20m;https://imdb-video.media-imdb.com/vi1733272345/MV5BMjIyOTM1NDM0Ml5BMTFeQW1wNF5BbWU3MDYwOTM2Nzc@.mp4?Expires=1704392212&Signature=RPrZvF3zTx8TmapqXG6axEwUgtaEbOPOR7~vO-W8xpEIjyFflDERvKn7v07nxbsjeHjsQCHLxfoXNWeF6LQ2x~MCjILBuNW9SXol6DjbsdiDD9XROB9reEQAUVhMDtY3j0ZjEldJz32NnzZpNjJEsJFsSpxEmOrqeIIEiEEFlVOwDeY-0jqkmSxFPmYQa2Et5PkLM~gBB5Brhk1koLunApXhK8B8ixBGakc1s5rrH9No8qXbWGwdwVQzlJgMvnuyBiyV~Vk4nzGcfpi2fxbK7xbmEaNuBTb~ypN67RyhMfSG44eC6Jh3rCiANdx0VVzmC-iRhszTfmTJChqoRxSbMA__&Key-Pair-Id=APKAIFLZBVQZ24NQH3KA
22;Robin Hood;Russell Crowe, Cate Blanchett, Max von Sydow, William Hurt, Mark Strong;Ridley Scott;Brian Helgeland;PG-13;Robin Hood, archer, knight, Sherwood Forest, bow and arrow;37.668301;Rise and rise again, until lambs become lions.;https://m.media-amazon.com/images/M/MV5BMTM5NzcwMzEwOF5BMl5BanBnXkFtZTcwNjg5MTgwMw@@._V1_.jpg;https://m.media-amazon.com/images/M/MV5BZjJkZDk5ZmMtZTliNS00YzQwLWFhMGYtMWVhNTc1NzExNzZlXkEyXkFqcGdeQXVyMzUwNDIxMjQ@._V1_.jpg;en;When soldier Robin happens upon the dying Robert of Loxley, he promises to return the man's sword to his family in Nottingham. There, he assumes Robert's identity then romances his widow, Marion, and draws the ire of the town's sheriff and King John's henchman, Godfrey.;ACTION, ADVENTURE;Imagine Entertainment, Universal Pictures, Scott Free Productions, Relativity Media;5-12-2010;1h 53m;https://imdb-video.media-imdb.com/vi73860121/1434659607842-pgv4ql-1616202894254.mp4?Expires=1704391864&Signature=BEZBK6ah4MTsLD5CFZzblyHTvLZIS6vQkzElsIBSpihnOq1pNM15do7cb1rrEqgKhsgalTXydrrLQY0Nw0c3IO-4a9lzZlVXs5YXFZRt3LYdtwuLtRTjm~o6qYNaSjl7nEmqUSMvA~0jmC~iePq~HvJ0Ch9-9~ePggc~6OYluj7XEyBT2U5fVrJYBwzWrTrrI5l~nqKqgMky5XmNQrdqBQMCoQZqBSaMQN5AgnTTWDBvYZ07vbx3wKisIBYy~FZm0SDkNi3Z2DTrNCXyuhOLRCBFfAPzrIdMNoBAQiHsY2uJzXNlSsmMtmDyilltG5KMEHm17gNyHEKoobwE6LwHQw__&Key-Pair-Id=APKAIFLZBVQZ24NQH3KA
23;The Hobbit: The Desolation of Smaug;Martin Freeman, Ian McKellen, Richard Armitage, Ken Stott, Graham McTavish;Peter Jackson;Fran Walsh, Philippa Boyens, Peter Jackson, Guillermo del Toro;PG-13;elves, dwarves, orcs, hobbit, dragon;94.370564;Beyond darkness... beyond desolation... lies the greatest danger of all.;https://m.media-amazon.com/images/M/MV5BMzU0NDY0NDEzNV5BMl5BanBnXkFtZTgwOTIxNDU1MDE@._V1_.jpg;https://hollywoodmetal.com/wp-content/uploads/the-hobbit-the-desolation-of-smaug.jpg;en;The Dwarves, Bilbo and Gandalf have successfully escaped the Misty Mountains, and Bilbo has gained the One Ring. They all continue their journey to get their gold back from the Dragon, Smaug.;ADVENTURE, FANTASY;WingNut Films, New Line Cinema, Warner Bros. Pictures, Metro-Goldwyn-Mayer (MGM);12-11-2013;3h 7m;https://imdb-video.media-imdb.com/vi2165155865/1434659607842-pgv4ql-1616202881036.mp4?Expires=1704392654&Signature=ItSNncEtUryQ0-GXmCEG7qpiL-YQLKBfdaaGAV1uO4K3pkc3Bab2ghObjxW2cODj8iPJhtiyaWIRNHRv8O80tb1BDPdpe7qzB4Mf7yp1RHWFvP22h920BRd8Km4RM
24;The Golden Compass;Dakota Blue Richards, Nicole Kidman, Daniel Craig, Sam Elliott, Eva Green;Chris Weitz;Chris Weitz;PG-13;England, compass, experiment, lordship, uncle;42.990906;There are worlds beyond our own - the compass will show the way.;https://m.media-amazon.com/images/M/MV5BMTM2NDkxMjQxMV5BMl5BanBnXkFtZTYwNTMxMDM4._V1_.jpg;https://metadata-static.plex.tv/1/gracenote/1e20e716f79420340a44f13c327a0e42.jpg;en;After overhearing a shocking secret, precocious orphan Lyra Belacqua trades her carefree existence roaming the halls of Jordan College for an otherworldly adventure in the far North, unaware that it's part of her destiny.;ADVENTURE, FANTASY;New Line Cinema, Ingenious Film Partners, Depth of Field, Scholastic Productions;12-4-2007;3h 14m;https://imdb-video.media-imdb.com/vi2813395225/1434659607842-pgv4ql-1616202773821.mp4?Expires=1704392785&Signature=A6KccX0WIsFAXZt4Q22LSpTUOrWT6Pupi32L2~uPyU6mztURiW~I3W5j-WhqXRn004xi32VKxuhmmTrcxYLWldt9Nj15hRDaGQ34DuYDMwFZymXh-3ov-DX0Xlb-7VdJpcoptfNFVwsVffithBor8bSRy8XyK2jsQ7b5NuREPtMz9~XRmTFaRfEUNDyvJMWdwWUQ1EYyIfqB37LNlQbfaSkNVt44tm5TqjFsvEKvAFVqIcCqy8kxSk9s3BeI-nRHnNKh4-5-E5FGvFh7TQWxm6sUNPBvIt6p4LrIyQAGeo6nsakqY48WiUNNZMlQTki-BySiisGyVGoNR~TC4qo02g__&Key-Pair-Id=APKAIFLZBVQZ24NQH3KA
25;King Kong;Naomi Watts, Jack Black, Adrien Brody, Thomas Kretschmann, Colin Hanks;Peter Jackson;Fran Walsh, Philippa Boyens, Peter Jackson;PG-13;film business, screenplay, show business, film making, film producer;61.22601;The eighth wonder of the world.;https://m.media-amazon.com/images/M/MV5BMjYxYmRlZWYtMzAwNC00MDA1LWJjNTItOTBjMzlhNGMzYzk3XkEyXkFqcGdeQXVyMTQxNzMzNDI@._V1_.jpg;https://facts.net/wp-content/uploads/2023/06/47-facts-about-the-movie-king-kong-1687663134.jpeg;en;In 1933 New York, an overly ambitious movie producer coerces his cast and hired ship crew to travel to mysterious Skull Island, where they encounter Kong, a giant ape who is immediately smitten with the leading lady.;ADVENTURE, DRAMA, ACTION;WingNut Films, Universal Pictures, Big Primate Pictures, MFPV Film;12-14-2005;2h 27m;https://imdb-video.media-imdb.com/vi4100440345/1434659607842-pgv4ql-1611780223068.mp4?Expires=1704392960&Signature=t9Oc6vqMAXElXYiWAs6-XZ-VOaKe3gNU0xRAReruHTT2hJoxVCszkXXAZRizk~xQsev-TN~Rp72CX3Zae5-8AkyAV34-KIuqXVqUKLs6OajEm22xnlKMYDZBoPMNluCEeZO70gr-eRErXgKZkncW78nSwhBsjvB2aMVIkn6xZ6nvloN7fyHZyshYewy8-dccS6~UyjDmQODLWHQBmyjvP2X8JqkgYDF-4Y~pYe~rKjSytedgXM-NYeKZzFivrqzH~uRQW6CKNgL8CCScB9O4P9kjBJNHXO6oABnG11W31wCKOLRSsiGceUBQTxqY5q2OAFzTgyK8ff4KPvmvWpqMtA__&Key-Pair-Id=APKAIFLZBVQZ24NQH3KA